{
  "product10": {
    "total_candidates": 281,
    "op_count": 25,
    "mean_candidates_per_op": 11.24,
    "counts": {
      "A_S1": 10,
      "A_S13": 11,
      "B_T6": 11,
      "A_S2": 10,
      "A_S5": 10,
      "B_T3": 12,
      "A_S7": 15,
      "A_S3": 11,
      "B_T4": 14,
      "B_T7": 11,
      "A_S4": 13,
      "A_S9": 15,
      "B_S3": 14,
      "B_S2": 12,
      "A_S10": 13,
      "A_T1": 11,
      "A_S6": 15,
      "B_T5": 9,
      "A_S12": 14,
      "A_S8": 14,
      "B_S1": 6,
      "A_S11": 9,
      "B_S4": 7,
      "B_T2": 8,
      "B_T1": 6
    }
  },
  "product11": {
    "total_candidates": 303,
    "op_count": 31,
    "mean_candidates_per_op": 9.774193548387096,
    "counts": {
      "A_S4": 12,
      "A_S2": 11,
      "A_S1": 10,
      "A_S12": 14,
      "A_S13": 11,
      "A_S5": 10,
      "A_S3": 13,
      "B_S5": 10,
      "B_T5": 11,
      "A_S10": 14,
      "A_T1": 11,
      "A_S6": 15,
      "B_T4": 10,
      "A_S7": 14,
      "A_S9": 15,
      "B_T6": 7,
      "A_S11": 11,
      "B_T3": 9,
      "A_S8": 14,
      "B_T2": 7,
      "B_S3": 9,
      "B_S2": 7,
      "B_S4": 11,
      "B_S1": 8,
      "B_T7": 8,
      "B_T1": 7,
      "B_S7": 4,
      "B_T8": 7,
      "B_T10": 4,
      "B_T9": 3,
      "B_S6": 6
    }
  },
  "product12": {
    "total_candidates": 330,
    "op_count": 34,
    "mean_candidates_per_op": 9.705882352941176,
    "counts": {
      "A_T2": 11,
      "A_S3": 15,
      "A_T5": 11,
      "A_T1": 15,
      "B_T10": 10,
      "B_S5": 11,
      "B_S7": 10,
      "B_S6": 12,
      "A_S1": 15,
      "B_T8": 8,
      "B_T7": 10,
      "A_S4": 14,
      "A_T4": 10,
      "A_T6": 10,
      "B_T4": 12,
      "B_T15": 9,
      "B_T6": 10,
      "A_S2": 13,
      "A_T7": 14,
      "B_T5": 10,
      "B_T11": 6,
      "B_T2": 8,
      "B_S1": 8,
      "B_S3": 7,
      "B_S2": 9,
      "B_S4": 8,
      "A_T3": 10,
      "B_T3": 7,
      "B_T13": 5,
      "B_T1": 5,
      "B_T9": 7,
      "B_T14": 6,
      "B_S8": 7,
      "B_T12": 7
    }
  },
  "product13": {
    "total_candidates": 365,
    "op_count": 36,
    "mean_candidates_per_op": 10.13888888888889,
    "counts": {
      "C_T2": 12,
      "A_S10": 11,
      "A_T1": 11,
      "C_T5": 13,
      "B_S9": 9,
      "A_S8": 12,
      "B_S8": 10,
      "C_S1": 8,
      "C_S3": 13,
      "A_S9": 11,
      "C_T3": 11,
      "C_T4": 12,
      "C_T7": 13,
      "C_T1": 12,
      "B_S6": 11,
      "C_S2": 13,
      "B_S10": 9,
      "A_S2": 11,
      "B_S7": 10,
      "B_S4": 11,
      "B_S12": 9,
      "C_T6": 12,
      "B_S5": 10,
      "A_S7": 10,
      "A_S1": 9,
      "A_S3": 11,
      "C_S4": 9,
      "B_T1": 11,
      "A_S6": 12,
      "A_S4": 12,
      "A_S5": 7,
      "B_S11": 7,
      "B_S3": 6,
      "B_S1": 4,
      "B_S2": 5,
      "B_S13": 8
    }
  },
  "product14": {
    "total_candidates": 647,
    "op_count": 65,
    "mean_candidates_per_op": 9.953846153846154,
    "counts": {
      "C_S6": 13,
      "A_S2": 9,
      "C_S7": 12,
      "A_S1": 10,
      "A_S3": 12,
      "C_S5": 8,
      "C_S4": 13,
      "A_S5": 9,
      "B_T3": 12,
      "A_S13": 13,
      "C_S2": 11,
      "C_S3": 14,
      "B_S3": 12,
      "A_T1": 11,
      "A_S12": 10,
      "A_S7": 15,
      "D_S2": 7,
      "A_S9": 14,
      "D_S1": 7,
      "A_S10": 15,
      "B_S2": 12,
      "D_S6": 8,
      "A_S6": 15,
      "C_S1": 11,
      "A_S4": 11,
      "A_S8": 12,
      "D_S5": 6,
      "A_S11": 10,
      "B_S1": 7,
      "D_S3": 7,
      "B_T2": 9,
      "D_S7": 8,
      "D_S4": 8,
      "B_S4": 7,
      "B_T4": 15,
      "B_T6": 11,
      "C_T4": 11,
      "B_T1": 6,
      "C_T3": 12,
      "C_T6": 13,
      "C_T10": 12,
      "C_T8": 13,
      "C_T7": 11,
      "D_S8": 6,
      "C_T2": 11,
      "C_T9": 14,
      "B_T5": 9,
      "C_T1": 13,
      "B_T7": 12,
      "D_T10": 12,
      "D_T1": 7,
      "D_T8": 11,
      "C_T5": 8,
      "D_T7": 11,
      "D_T2": 7,
      "D_T6": 7,
      "D_T5": 9,
      "D_T11": 5,
      "D_T4": 8,
      "D_T3": 5,
      "D_T12": 8,
      "D_T13": 5,
      "D_T9": 7,
      "D_T14": 4,
      "D_T15": 6
    }
  },
  "product15": {
    "total_candidates": 716,
    "op_count": 76,
    "mean_candidates_per_op": 9.421052631578947,
    "counts": {
      "C_S3": 14,
      "B_S9": 9,
      "B_S7": 13,
      "E_S1": 11,
      "C_S2": 13,
      "D_S1": 9,
      "C_S1": 12,
      "B_S4": 11,
      "C_S4": 9,
      "B_S12": 10,
      "A_S9": 13,
      "A_S8": 12,
      "E_S2": 10,
      "B_S6": 12,
      "A_S10": 11,
      "B_S8": 10,
      "A_S2": 10,
      "A_S1": 9,
      "A_S7": 10,
      "B_S5": 10,
      "A_S6": 12,
      "A_S4": 11,
      "B_S10": 8,
      "A_S3": 8,
      "A_S5": 9,
      "B_S11": 9,
      "B_S3": 7,
      "D_S3": 6,
      "D_S5": 5,
      "B_S2": 5,
      "B_S13": 7,
      "B_S1": 3,
      "E_S6": 13,
      "C_T2": 11,
      "A_T1": 11,
      "E_S5": 9,
      "E_S7": 12,
      "E_S3": 8,
      "C_T7": 15,
      "C_T3": 12,
      "C_T5": 13,
      "C_T4": 14,
      "C_T1": 12,
      "D_T1": 9,
      "D_S4": 7,
      "E_S4": 7,
      "C_T6": 13,
      "D_S2": 6,
      "E_S8": 8,
      "D_T4": 10,
      "D_S6": 7,
      "B_T1": 12,
      "E_T1": 11,
      "E_T2": 10,
      "D_T5": 6,
      "D_T2": 6,
      "D_S7": 4,
      "E_T3": 9,
      "D_T3": 8,
      "E_T4": 9,
      "D_T7": 7,
      "E_T7": 13,
      "E_T8": 11,
      "E_T10": 14,
      "D_T6": 8,
      "E_T11": 8,
      "E_T5": 7,
      "E_T14": 9,
      "E_T12": 13,
      "D_T8": 5,
      "E_T15": 8,
      "E_T6": 9,
      "E_T9": 9,
      "E_T13": 10,
      "D_T9": 3,
      "D_T10": 2
    }
  },
  "product1": {
    "total_candidates": 116,
    "op_count": 11,
    "mean_candidates_per_op": 10.545454545454545,
    "counts": {
      "T1": 11,
      "S1": 9,
      "S10": 11,
      "S8": 12,
      "S4": 12,
      "S9": 11,
      "S2": 11,
      "S5": 8,
      "S3": 10,
      "S7": 10,
      "S6": 11
    }
  },
  "product2": {
    "total_candidates": 168,
    "op_count": 14,
    "mean_candidates_per_op": 12.0,
    "counts": {
      "S1": 8,
      "S6": 15,
      "S12": 12,
      "S2": 9,
      "S4": 11,
      "S13": 12,
      "S3": 12,
      "S5": 10,
      "S9": 15,
      "S7": 15,
      "S8": 13,
      "T1": 12,
      "S11": 9,
      "S10": 15
    }
  },
  "product3": {
    "total_candidates": 134,
    "op_count": 11,
    "mean_candidates_per_op": 12.181818181818182,
    "counts": {
      "S4": 12,
      "T5": 10,
      "T2": 9,
      "T1": 15,
      "S3": 15,
      "S1": 15,
      "T6": 12,
      "T4": 10,
      "S2": 14,
      "T7": 13,
      "T3": 9
    }
  },
  "product4": {
    "total_candidates": 192,
    "op_count": 17,
    "mean_candidates_per_op": 11.294117647058824,
    "counts": {
      "T9": 11,
      "T10": 12,
      "T8": 10,
      "S2": 14,
      "T6": 10,
      "S7": 11,
      "T3": 12,
      "T7": 11,
      "S6": 9,
      "T1": 15,
      "T5": 8,
      "S5": 10,
      "S1": 13,
      "T4": 12,
      "S4": 11,
      "T2": 15,
      "S3": 8
    }
  },
  "product5": {
    "total_candidates": 274,
    "op_count": 23,
    "mean_candidates_per_op": 11.91304347826087,
    "counts": {
      "T13": 14,
      "S8": 12,
      "T14": 12,
      "S7": 11,
      "T9": 11,
      "T11": 12,
      "T1": 12,
      "T5": 11,
      "T12": 15,
      "T8": 10,
      "S1": 13,
      "S5": 10,
      "S4": 11,
      "T15": 12,
      "T10": 13,
      "T6": 12,
      "T7": 12,
      "T2": 15,
      "S2": 11,
      "S6": 12,
      "T4": 12,
      "T3": 12,
      "S3": 9
    }
  },
  "product6": {
    "total_candidates": 242,
    "op_count": 25,
    "mean_candidates_per_op": 9.68,
    "counts": {
      "A_S1": 9,
      "B_S7": 11,
      "A_T1": 12,
      "A_S9": 12,
      "B_S9": 10,
      "A_S8": 13,
      "A_S2": 9,
      "B_S4": 11,
      "A_S4": 11,
      "B_S10": 8,
      "B_S6": 11,
      "B_S8": 11,
      "B_S5": 11,
      "A_S10": 10,
      "A_S3": 10,
      "A_S7": 10,
      "B_S12": 9,
      "A_S6": 13,
      "B_T1": 13,
      "B_S11": 7,
      "B_S3": 8,
      "A_S5": 7,