{
  "product1": {
    "ideal_time": 68.26179659539241,
    "ideal_energy": 897.504924701352,
    "ref_time": 186.9107409350823,
    "ref_energy": 1449.005197316483,
    "source_front_max_time": 169.91885539552933,
    "source_front_max_energy": 1317.2774521058934,
    "source": "all-algorithm calibration run1; ideal=min(all fronts), ref=1.1*max(all fronts)"
  },
  "product2": {
    "ideal_time": 95.7838436437829,
    "ideal_energy": 1322.2659303066773,
    "ref_time": 251.5106556280951,
    "ref_energy": 1986.8858447651805,
    "source_front_max_time": 228.64605057099553,
    "source_front_max_energy": 1806.2598588774367,
    "source": "all-algorithm calibration run1; ideal=min(all fronts), ref=1.1*max(all fronts)"
  },
  "product3": {
    "ideal_time": 55.621867770887754,
    "ideal_energy": 793.2185193774436,
    "ref_time": 136.83142310849806,
    "ref_energy": 1165.2395509718078,
    "source_front_max_time": 124.39220282590732,
    "source_front_max_energy": 1059.3086827016434,
    "source": "all-algorithm calibration run1; ideal=min(all fronts), ref=1.1*max(all fronts)"
  },
  "product4": {
    "ideal_time": 73.32767673152183,
    "ideal_energy": 1206.7242088504422,
    "ref_time": 169.829592061866,
    "ref_energy": 1686.2172283133148,
    "source_front_max_time": 154.39053823806,
    "source_front_max_energy": 1532.9247530121042,
    "source": "all-algorithm calibration run1; ideal=min(all fronts), ref=1.1*max(all fronts)"
  },
  "product5": {
    "ideal_time": 101.63924873389716,
    "ideal_energy": 1603.478451900413,
    "ref_time": 223.26676099829407,
    "ref_energy": 2190.0161314553948,
    "source_front_max_time": 202.96978272572187,
    "source_front_max_energy": 1990.9237558685406,
    "source": "all-algorithm calibration run1; ideal=min(all fronts), ref=1.1*max(all fronts)"
  },
  "product6": {
    "ideal_time": 176.91489266779956,
    "ideal_energy": 2412.2470622267533,
    "ref_time": 376.3858376557726,
    "ref_energy": 4217.179464826876,
    "source_front_max_time": 342.16894332342963,
    "source_front_max_energy": 3833.7995134789776,
    "source": "all-algorithm calibration run1; ideal=min(all fronts), ref=1.1*max(all fronts)"
  },
  "product7": {
    "ideal_time": 125.48904775204603,
    "ideal_energy": 1840.0326388869048,
    "ref_time": 271.39840442767985,
    "ref_energy": 2681.334382921434,
    "source_front_max_time": 246.72582220698166,
    "source_front_max_energy": 2437.576711746758,
    "source": "all-algorithm calibration run1; ideal=min(all fronts), ref=1.1*max(all fronts)"
  },
  "product8": {
    "ideal_time": 153.62092084810993,
    "ideal_energy": 2150.4775108096883,
    "ref_time": 359.5849036069222,
    "ref_energy": 3612.622015606209,
    "source_front_max_time": 326.89536691538376,
    "source_front_max_energy": 3284.2018323692805,
    "source": "all-algorithm calibration run1; ideal=min(all fronts), ref=1.1*max(all fronts)"
  },
  "product9": {
    "ideal_time": 183.4012856315738,
    "ideal_energy": 2741.4880153731237,
    "ref_time": 432.65914687595193,
    "ref_energy": 4082.8052942494087,
    "source_front_max_time": 393.32649715995626,
    "source_front_max_energy": 3711.6411765903713,
    "source": "all-algorithm calibration run1; ideal=min(all fronts), ref=1.1*max(all fronts)"
  },
  "product10": {
    "ideal_time": 159.4691010210663,
    "ideal_energy": 2393.350087999292,
    "ref_time": 384.03061759614593,
    "ref_energy": 3398.221228027729,
    "source_front_max_time": 349.11874326922356,
    "source_front_max_energy": 3089.292025479753,
    "source": "all-algorithm calibration run1; ideal=min(all fronts), ref=1.1*max(all fronts)"
  },
  "product11": {
    "ideal_time": 183.50897175173097,
    "ideal_energy": 2842.7544684265476,
    "ref_time": 356.2218694904829,
    "ref_energy": 4037.7163190855636,
    "source_front_max_time": 323.83806317316623,
    "source_front_max_energy": 3670.651199168694,
    "source": "all-algorithm calibration run1; ideal=min(all fronts), ref=1.1*max(all fronts)"
  },
  "product12": {
    "ideal_time": 165.61096752478903,
    "ideal_energy": 2517.27690071167,
    "ref_time": 327.0418451575287,
    "ref_energy": 3572.839583965877,
    "source_front_max_time": 297.31076832502606,
    "source_front_max_energy": 3248.0359854235244,
    "source": "all-algorithm calibration run1; ideal=min(all fronts), ref=1.1*max(all fronts)"
  },
  "product13": {
    "ideal_time": 242.6644357172037,
    "ideal_energy": 3541.3755723016056,
    "ref_time": 539.3521153799362,
    "ref_energy": 5006.670304001204,
    "source_front_max_time": 490.3201048908511,
    "source_front_max_energy": 4551.518458182913,
    "source": "all-algorithm calibration run1; ideal=min(all fronts), ref=1.1*max(all fronts)"
  },
  "product14": {
    "ideal_time": 389.42488694387913,
    "ideal_energy": 5520.357674439805,
    "ref_time": 784.3537932694979,
    "ref_energy": 7744.925441222257,
    "source_front_max_time": 713.0489029722708,
    "source_front_max_energy": 7040.841310202051,
    "source": "all-algorithm calibration run1; ideal=min(all fronts), ref=1.1*max(all fronts)"
  },
  "product15": {
    "ideal_time": 470.9150701839824,
    "ideal_energy": 6819.764039835719,
    "ref_time": 920.7033337200984,
    "ref_energy": 9576.759535139905,
    "source_front_max_time": 837.0030306546348,
    "source_front_max_energy": 8706.145031945367,
    "source": "all-algorithm calibration run1; ideal=min(all fronts), ref=1.1*max(all fronts)"
  }
}