{
  "product1": {
    "ideal_time": 72.99738946927268,
    "ideal_energy": 892.66315319473,
    "ref_time": 203.5000790417801,
    "ref_energy": 1804.5416018480341,
    "source_front_min_time": 72.99738946927268,
    "source_front_min_energy": 892.66315319473,
    "source_front_max_time": 185.00007185616371,
    "source_front_max_energy": 1640.4923653163946,
    "front_point_count": 676,
    "source": "deduplicated exp1 run fronts + exp2 CMOEMT/TriP/ARACMO/MOA-NSGAII run fronts, excluded, ref=1.1*max(all fronts)"
  },
  "product2": {
    "ideal_time": 107.73128724869431,
    "ideal_energy": 1367.122114143022,
    "ref_time": 299.57339031328604,
    "ref_energy": 2480.160954667702,
    "source_front_min_time": 107.73128724869431,
    "source_front_min_energy": 1367.122114143022,
    "source_front_max_time": 272.33944573935094,
    "source_front_max_energy": 2254.691776970638,
    "front_point_count": 659,
    "source": "deduplicated exp1 run fronts + exp2 CMOEMT/TriP/ARACMO/MOA-NSGAII run fronts, excluded, ref=1.1*max(all fronts)"
  },
  "product3": {
    "ideal_time": 54.399247437056864,
    "ideal_energy": 803.8441115116583,
    "ref_time": 161.12693683742083,
    "ref_energy": 1553.6616065889716,
    "source_front_min_time": 54.399247437056864,
    "source_front_min_energy": 803.8441115116583,
    "source_front_max_time": 146.47903348856437,
    "source_front_max_energy": 1412.4196423536105,
    "front_point_count": 797,
    "source": "deduplicated exp1 run fronts + exp2 CMOEMT/TriP/ARACMO/MOA-NSGAII run fronts, excluded, ref=1.1*max(all fronts)"
  },
  "product4": {
    "ideal_time": 84.16054919340817,
    "ideal_energy": 1221.625707070196,
    "ref_time": 192.10380096676366,
    "ref_energy": 2028.15873392516,
    "source_front_min_time": 84.16054919340817,
    "source_front_min_energy": 1221.625707070196,
    "source_front_max_time": 174.6398190606942,
    "source_front_max_energy": 1843.7806672046909,
    "front_point_count": 596,
    "source": "deduplicated exp1 run fronts + exp2 CMOEMT/TriP/ARACMO/MOA-NSGAII run fronts, excluded, ref=1.1*max(all fronts)"
  },
  "product5": {
    "ideal_time": 114.26554439239271,
    "ideal_energy": 1698.4381574854833,
    "ref_time": 244.13041928629247,
    "ref_energy": 2683.901932047807,
    "source_front_min_time": 114.26554439239271,
    "source_front_min_energy": 1698.4381574854833,
    "source_front_max_time": 221.9367448057204,
    "source_front_max_energy": 2439.9108473161878,
    "front_point_count": 675,
    "source": "deduplicated exp1 run fronts + exp2 CMOEMT/TriP/ARACMO/MOA-NSGAII run fronts, excluded, ref=1.1*max(all fronts)"
  },
  "product6": {
    "ideal_time": 195.62818322148718,
    "ideal_energy": 2365.9404104469722,
    "ref_time": 454.2180676896069,
    "ref_energy": 4422.580628567592,
    "source_front_min_time": 195.62818322148718,
    "source_front_min_energy": 2365.9404104469722,
    "source_front_max_time": 412.9255160814608,
    "source_front_max_energy": 4020.5278441523556,
    "front_point_count": 638,
    "source": "deduplicated exp1 run fronts + exp2 CMOEMT/TriP/ARACMO/MOA-NSGAII run fronts, excluded, ref=1.1*max(all fronts)"
  },
  "product7": {
    "ideal_time": 142.26893643011707,
    "ideal_energy": 1772.9441134523256,
    "ref_time": 363.8948192012148,
    "ref_energy": 3429.91803500638,
    "source_front_min_time": 142.26893643011707,
    "source_front_min_energy": 1772.9441134523256,
    "source_front_max_time": 330.8134720011043,
    "source_front_max_energy": 3118.107304551254,
    "front_point_count": 577,
    "source": "deduplicated exp1 run fronts + exp2 CMOEMT/TriP/ARACMO/MOA-NSGAII run fronts, excluded, ref=1.1*max(all fronts)"
  },
  "product8": {
    "ideal_time": 174.56884580328327,
    "ideal_energy": 2308.5046998103303,
    "ref_time": 418.8004659009614,
    "ref_energy": 3972.67065932506,
    "source_front_min_time": 174.56884580328327,
    "source_front_min_energy": 2308.5046998103303,
    "source_front_max_time": 380.7276962736012,
    "source_front_max_energy": 3611.5187812045997,
    "front_point_count": 625,
    "source": "deduplicated exp1 run fronts + exp2 CMOEMT/TriP/ARACMO/MOA-NSGAII run fronts, excluded, ref=1.1*max(all fronts)"
  },
  "product9": {
    "ideal_time": 201.86546010849924,
    "ideal_energy": 2781.2100394454533,
    "ref_time": 448.2482260184562,
    "ref_energy": 4306.467232862876,
    "source_front_min_time": 201.86546010849924,
    "source_front_min_energy": 2781.2100394454533,
    "source_front_max_time": 407.4983872895056,
    "source_front_max_energy": 3914.970211693523,
    "front_point_count": 697,
    "source": "deduplicated exp1 run fronts + exp2 CMOEMT/TriP/ARACMO/MOA-NSGAII run fronts, excluded, ref=1.1*max(all fronts)"
  },
  "product10": {
    "ideal_time": 178.21610437698212,
    "ideal_energy": 2413.262262507237,
    "ref_time": 444.3206880713778,
    "ref_energy": 3959.680691019274,
    "source_front_min_time": 178.21610437698212,
    "source_front_min_energy": 2413.262262507237,
    "source_front_max_time": 403.92789824670706,
    "source_front_max_energy": 3599.709719108431,
    "front_point_count": 715,
    "source": "deduplicated exp1 run fronts + exp2 CMOEMT/TriP/ARACMO/MOA-NSGAII run fronts, excluded, ref=1.1*max(all fronts)"
  },
  "product11": {
    "ideal_time": 202.99255878981154,
    "ideal_energy": 2820.039919123945,
    "ref_time": 476.52171534970023,
    "ref_energy": 4600.250346133742,
    "source_front_min_time": 202.99255878981154,
    "source_front_min_energy": 2820.039919123945,
    "source_front_max_time": 433.20155940881835,
    "source_front_max_energy": 4182.045769212492,
    "front_point_count": 643,
    "source": "deduplicated exp1 run fronts + exp2 CMOEMT/TriP/ARACMO/MOA-NSGAII run fronts, excluded, ref=1.1*max(all fronts)"
  },
  "product12": {
    "ideal_time": 189.6791399887549,
    "ideal_energy": 2584.4787472418507,
    "ref_time": 408.7433769494564,
    "ref_energy": 4156.9165697650715,
    "source_front_min_time": 189.6791399887549,
    "source_front_min_energy": 2584.4787472418507,
    "source_front_max_time": 371.5848881358694,
    "source_front_max_energy": 3779.015063422792,
    "front_point_count": 627,
    "source": "deduplicated exp1 run fronts + exp2 CMOEMT/TriP/ARACMO/MOA-NSGAII run fronts, excluded, ref=1.1*max(all fronts)"
  },
  "product13": {
    "ideal_time": 265.5889000702603,
    "ideal_energy": 3630.9102010404185,
    "ref_time": 577.5306177289979,
    "ref_energy": 5694.114803839373,
    "source_front_min_time": 265.5889000702603,
    "source_front_min_energy": 3630.9102010404185,
    "source_front_max_time": 525.0278342990889,
    "source_front_max_energy": 5176.468003490339,
    "front_point_count": 683,
    "source": "deduplicated exp1 run fronts + exp2 CMOEMT/TriP/ARACMO/MOA-NSGAII run fronts, excluded, ref=1.1*max(all fronts)"
  },
  "product14": {
    "ideal_time": 408.43108618995035,
    "ideal_energy": 5878.675956984852,
    "ref_time": 817.234780111447,
    "ref_energy": 8620.407854438845,
    "source_front_min_time": 408.43108618995035,
    "source_front_min_energy": 5878.675956984852,
    "source_front_max_time": 742.9407091922245,
    "source_front_max_energy": 7836.7344131262225,
    "front_point_count": 758,
    "source": "deduplicated exp1 run fronts + exp2 CMOEMT/TriP/ARACMO/MOA-NSGAII run fronts, excluded, ref=1.1*max(all fronts)"
  },
  "product15": {
    "ideal_time": 484.3667585361685,
    "ideal_energy": 7030.278034931751,
    "ref_time": 1052.542351331041,
    "ref_energy": 10060.985877865258,
    "source_front_min_time": 484.3667585361685,
    "source_front_min_energy": 7030.278034931751,
    "source_front_max_time": 956.856683028219,
    "source_front_max_energy": 9146.350798059324,
    "front_point_count": 720,
    "source": "deduplicated exp1 run fronts + exp2 CMOEMT/TriP/ARACMO/MOA-NSGAII run fronts, excluded, ref=1.1*max(all fronts)"
  }
}